Day.Index,Campaign,Impressions,Target.Clicks,Obt.Click,Min.CPC,Max.CPC,CTR,Amount.Spend,Returning.Users,Targeted.Leads,SpecialDay,Avg. Bounce.Rate,Avg.Time.Page,Avg.Position,Total.Revenue,Obtained.Leads
1/1/2013,1,13930,225,200,28,31,1.44,6200,36,15,1,70.81,571,5,2401,20
2/1/2013,1,11177,225,288,28,31,2.58,8352,27,20,0,32.38,447,3,4033,18
3/1/2013,1,12968,225,211,28,31,1.63,5908,31,14,0,99.01,322,1,4637,13
4/1/2013,1,13850,225,238,28,31,1.72,6664,38,16,0,43.6,534,2,3597,26
5/1/2013,1,12346,225,259,28,31,2.1,7511,41,18,0,23.24,481,8,1923,18
6/1/2013,1,11694,225,208,28,31,1.78,6448,35,16,0,57.43,549,8,2573,14
7/1/2013,1,14100,225,178,28,31,1.26,5518,26,13,0,0.68,522,3,4974,18
8/1/2013,1,10513,225,101,28,31,0.96,2828,36,7,0,2.98,373,2,4800,8
9/1/2013,1,13040,225,213,28,31,1.63,6390,36,15,0,96.02,484,2,4698,20
10/1/2013,1,14719,225,208,28,31,1.41,6032,25,15,0,17.11,392,1,2880,16
11/1/2013,1,11665,225,155,28,31,1.33,4650,27,11,0,4.8,211,8,2215,5
12/1/2013,1,10553,225,270,28,31,2.56,7560,22,18,0,45.99,396,7,1234,12
13-01-2013,1,11559,225,206,28,31,1.78,5974,33,14,0,7.75,373,4,4434,10
14-01-2013,1,11365,225,237,28,31,2.09,6873,22,17,0,85.27,305,2,4517,7
15-01-2013,1,12965,225,285,28,31,2.2,7980,35,19,0,97.95,372,5,1017,13
16-01-2013,1,10852,225,281,28,31,2.59,8149,45,20,0,94.34,576,5,3438,18
17-01-2013,1,10477,225,126,28,31,1.2,3528,38,8,0,15.12,382,5,2898,10
18-01-2013,1,14836,225,182,28,31,1.23,5642,28,14,0,96.31,379,7,2231,11
19-01-2013,1,13538,225,143,28,31,1.06,4290,36,10,0,91.02,249,2,4951,12
20-01-2013,1,13276,225,218,28,31,1.64,6758,40,16,0,36.43,214,6,1719,17
21-01-2013,1,10606,225,141,28,31,1.33,4230,40,10,0,98.82,209,7,1303,8
22-01-2013,1,11131,225,235,28,31,2.11,6815,22,17,0,64.63,461,1,3158,13
23-01-2013,1,12347,225,183,28,31,1.48,5673,27,14,0,77.43,552,1,1013,14
24-01-2013,1,14364,225,111,28,31,0.77,3441,29,8,0,84.24,458,7,2329,15
25-01-2013,1,14823,225,238,28,31,1.61,6902,45,17,0,22.88,552,1,1301,28
26-01-2013,1,17861,225,281,28,31,1.57,7875,34,19,1,28.28,396,7,4546,20
27-01-2013,1,13722,225,117,28,31,0.85,3510,25,8,0,26.35,429,1,4709,18
28-01-2013,1,10509,225,133,28,31,1.27,3990,35,9,0,16.99,490,7,2940,14
29-01-2013,1,12291,225,108,28,31,0.88,3240,42,8,0,25.71,427,4,3709,15
30-01-2013,1,11946,225,275,28,31,2.3,8525,36,21,0,52.63,534,5,2648,15
31-01-2013,1,14767,225,249,28,31,1.69,7470,32,18,0,26.63,300,8,4723,15
1/2/2013,1,14565,225,159,28,31,1.09,4611,27,11,0,7.48,217,7,1816,10
2/2/2013,1,13162,225,215,28,31,1.63,6235,38,15,0,39.88,281,4,3796,17
3/2/2013,1,13471,225,156,28,31,1.16,4680,26,11,0,2.26,494,6,1950,13
4/2/2013,1,12332,225,141,28,31,1.14,4089,30,10,0,29.99,238,6,1619,9
5/2/2013,1,12880,225,151,28,31,1.17,4530,28,11,0,3.41,274,2,4402,11
6/2/2013,1,10698,225,257,28,31,2.4,7453,30,18,0,32.42,401,6,1670,15
7/2/2013,1,12695,225,148,28,31,1.17,4144,30,10,0,53.62,227,4,4599,9
8/2/2013,1,13613,225,247,28,31,1.81,7163,33,17,0,77,462,6,3195,17
9/2/2013,1,11323,225,197,28,31,1.74,6107,25,15,0,65.13,209,5,3935,6
10/2/2013,1,10504,225,119,28,31,1.13,3570,23,8,0,53.73,514,7,1628,10
11/2/2013,1,13750,225,110,28,31,0.8,3190,38,7,0,0.54,264,2,3269,13
12/2/2013,1,13800,225,151,28,31,1.09,4681,27,11,0,26,253,4,1861,11
13-02-2013,1,10379,225,169,28,31,1.63,5070,31,12,0,14.61,627,3,4487,16
14-02-2013,1,17760,225,140,28,31,0.79,3920,27,9,1,67.75,260,6,2597,11
15-02-2013,1,11962,225,171,28,31,1.43,4959,22,12,0,93.67,536,5,3850,9
16-02-2013,1,13673,225,103,28,31,0.75,2987,42,7,0,60.84,294,7,2056,11
17-02-2013,1,14193,225,154,28,31,1.09,4466,25,11,0,71.42,357,5,3603,9
18-02-2013,1,14616,225,219,28,31,1.5,6351,42,15,0,73.73,390,7,2416,14
19-02-2013,1,14244,225,139,28,31,0.98,3892,42,9,0,8.84,445,7,2009,17
20-02-2013,1,12839,225,199,28,31,1.55,5572,27,13,0,71.65,561,7,1512,15
21-02-2013,1,11950,225,118,28,31,0.99,3304,35,8,0,87.32,357,6,4524,7
22-02-2013,1,14800,225,261,28,31,1.76,8091,43,20,0,6.68,557,8,2761,23
23-02-2013,1,14446,225,247,28,31,1.71,7410,39,18,0,58.59,688,6,4690,21
24-02-2013,1,13643,225,173,28,31,1.26,5003,27,12,1,76.72,360,3,1471,11
25-02-2013,1,10544,225,266,28,31,2.52,7714,24,19,0,4.03,267,8,4470,8
26-02-2013,1,14513,225,149,28,31,1.03,4321,37,10,0,62.98,478,2,4148,19
27-02-2013,1,10049,225,189,28,31,1.88,5292,34,13,0,77.07,598,8,4656,13
28-02-2013,1,10927,225,121,28,31,1.11,3388,28,8,0,70.89,556,6,3085,12
1/3/2013,2,13396,170,107,26,31,0.8,2782,22,5,0,75.12,190,4,1975,4
2/3/2013,2,13076,170,211,26,31,1.61,5908,31,11,0,89.86,216,5,2899,10
3/3/2013,2,13762,170,192,26,31,1.4,4992,17,9,0,31.91,198,2,2572,12
4/3/2013,2,12603,170,191,26,31,1.52,4966,23,9,0,86.81,208,4,2466,8
5/3/2013,2,14198,170,180,26,31,1.27,4860,24,9,0,69.27,189,1,3539,12
6/3/2013,2,12961,170,172,26,31,1.33,4816,22,9,0,80.88,184,2,4269,6
7/3/2013,2,13553,170,152,26,31,1.12,3952,33,7,0,71.26,231,5,3347,12
8/3/2013,2,13278,170,166,26,31,1.25,4814,20,9,0,5,194,3,3548,4
9/3/2013,2,12546,170,172,26,31,1.37,4644,24,9,0,93.68,178,2,2362,7
10/3/2013,2,14029,170,120,26,31,0.86,3360,26,6,0,17.61,207,3,2003,13
11/3/2013,2,14153,170,150,26,31,1.06,4200,22,8,0,35.38,220,3,1856,14
12/3/2013,2,13008,170,237,26,31,1.82,7110,20,14,0,73.48,175,5,2096,6
13-03-2013,2,13768,170,180,26,31,1.31,5040,26,10,0,87.55,156,2,2945,12
14-03-2013,2,12403,170,196,26,31,1.58,6076,19,12,0,95.64,401,5,1412,10
15-03-2013,2,16056,170,186,26,31,1.16,5774,20,11,1,98.37,230,1,3552,17
16-03-2013,2,13248,170,219,26,31,1.65,5694,22,11,0,48.7,155,2,3270,13
17-03-2013,2,13804,170,148,26,31,1.07,4588,17,9,0,72.21,181,5,2516,6
18-03-2013,2,13525,170,235,26,31,1.74,7285,30,14,0,83.98,223,5,1781,14
19-03-2013,2,13008,170,235,26,31,1.81,6345,19,12,0,90.33,170,1,4107,7
20-03-2013,2,12868,170,235,26,31,1.83,6345,22,12,0,43.61,150,5,2713,10
21-03-2013,2,14647,170,162,26,31,1.11,4212,21,8,0,48.06,245,4,4239,15
22-03-2013,2,12189,170,152,26,31,1.25,4256,24,8,0,68.47,240,4,2396,7
23-03-2013,2,14064,170,243,26,31,1.73,7290,20,14,0,81.34,158,3,4380,11
24-03-2013,2,13019,170,229,26,31,1.76,6641,29,13,0,97.64,181,3,3175,8
25-03-2013,2,14275,170,147,26,31,1.03,4116,23,8,0,80.55,209,1,1578,13
26-03-2013,2,14294,170,247,26,31,1.73,7657,25,15,0,89.37,171,1,1861,14
27-03-2013,2,12521,170,97,26,31,0.77,2619,21,5,0,75.34,249,1,1455,7
28-03-2013,2,12090,170,116,26,31,0.96,3364,17,6,0,32.4,210,2,3452,10
29-03-2013,2,13455,170,183,26,31,1.36,5307,18,10,0,65.91,155,3,3898,6
30-03-2013,2,13290,170,94,26,31,0.71,2538,30,5,0,24.88,390,2,1953,14
31-03-2013,2,16173,170,223,26,31,1.38,5785,23,11,1,3.78,376,4,2308,18
1/4/2013,2,16056,170,250,26,31,1.56,7000,30,14,1,10.12,229,2,4428,21
2/4/2013,2,13121,170,133,26,31,1.01,4123,33,8,0,16.3,245,4,1426,11
3/4/2013,2,14553,170,194,26,31,1.33,5432,33,10,0,89.69,245,3,2297,15
4/4/2013,2,12697,170,124,26,31,0.98,3348,30,6,0,34.47,176,1,4292,11
5/4/2013,2,14848,170,191,26,31,1.29,5348,20,10,0,1.52,239,4,1155,12
6/4/2013,2,12098,170,211,26,31,1.74,5697,24,11,0,83.85,249,3,3690,9
7/4/2013,2,13249,170,144,26,31,1.09,4320,20,8,0,1.64,154,1,4198,5
8/4/2013,2,13875,170,210,26,31,1.51,5460,22,10,0,4.33,168,5,4422,9
9/4/2013,2,14012,170,202,26,31,1.44,5454,24,10,0,73.16,207,1,3632,16
10/4/2013,2,12942,170,153,26,31,1.18,4743,18,9,0,54.49,249,3,4498,6
11/4/2013,2,12593,170,129,26,31,1.02,3870,21,7,0,64.96,225,5,1836,6
12/4/2013,2,12081,170,239,26,31,1.98,6214,22,12,0,97.18,200,1,1263,7
13-04-2013,2,12166,170,239,26,31,1.96,6692,17,13,0,57.85,208,3,1943,7
14-04-2013,2,13470,170,243,26,31,1.8,6804,22,13,0,26.74,421,5,4027,13
15-04-2013,2,18528,170,213,26,31,1.15,6163,23,12,1,56.14,405,2,1275,22
16-04-2013,2,15276,170,170,26,31,1.11,4420,27,8,1,9.16,161,5,1892,12
17-04-2013,2,14698,170,93,26,31,0.63,2418,20,4,0,59.4,182,4,3692,8
18-04-2013,2,12633,170,100,26,31,0.79,3100,22,6,0,17.99,175,4,2272,6
19-04-2013,2,14443,170,168,26,31,1.16,4704,30,9,0,11.86,404,2,1687,18
20-04-2013,2,17193,170,306,26,31,1.78,8269,25,16,1,67.27,235,5,2942,18
21-04-2013,2,14749,170,232,26,31,1.57,6960,18,13,0,48.79,171,2,3374,18
22-04-2013,2,12396,170,128,26,31,1.03,3968,32,7,0,3.53,210,5,4074,8
23-04-2013,2,12582,170,108,26,31,0.86,3240,19,6,0,34.38,171,1,2926,8
24-04-2013,2,13090,170,136,26,31,1.04,4216,18,8,0,38.55,161,4,1336,8
25-04-2013,2,14510,170,111,26,31,0.76,3219,26,6,0,48.28,150,5,2184,14
26-04-2013,2,13305,170,193,26,31,1.45,5018,17,10,0,60.83,241,3,4115,7
27-04-2013,2,12278,170,128,26,31,1.04,3584,22,7,0,1.98,156,4,4219,4
28-04-2013,2,14966,170,184,26,31,1.23,4784,20,9,0,23.49,152,4,2493,11
29-04-2013,2,12407,170,170,26,31,1.37,5100,22,10,0,94.5,166,4,1499,5
30-04-2013,2,12533,170,106,26,31,0.85,2862,23,5,0,45.83,193,3,1147,10
1/5/2013,2,12001,170,167,26,31,1.39,5177,20,10,0,79.31,169,5,3571,5
2/5/2013,2,13587,170,192,26,31,1.41,4992,27,9,0,94.83,176,4,3557,9
3/5/2013,2,12401,170,238,26,31,1.92,7378,19,14,0,37.66,229,5,2234,13
4/5/2013,2,13740,170,152,26,31,1.11,4104,32,8,0,13.13,193,3,1427,10
5/5/2013,2,13521,170,193,26,31,1.43,5211,17,10,0,7.8,210,4,2822,11
6/5/2013,2,14833,170,156,26,31,1.05,4836,20,9,0,64.06,150,3,2107,8
7/5/2013,2,14720,170,127,26,31,0.86,3556,21,7,0,91.78,228,3,1575,10
8/5/2013,2,12045,170,91,26,31,0.76,2639,25,5,0,23.62,204,2,2988,11
9/5/2013,2,12490,170,108,26,31,0.86,2808,31,5,0,19.38,212,3,1037,10
10/5/2013,2,13050,170,140,26,31,1.07,3920,27,7,0,99.77,200,4,3826,5
11/5/2013,2,14062,170,233,26,31,1.66,6990,26,13,0,60.39,209,1,3356,16
12/5/2013,2,12292,170,186,26,31,1.51,5394,17,10,0,34.55,219,4,3792,10
13-05-2013,2,14361,170,168,26,31,1.17,4368,25,8,0,72.34,173,5,4492,9
14-05-2013,2,12360,170,184,26,31,1.49,4968,29,9,0,89.74,239,3,3781,9
15-05-2013,2,14186,170,159,26,31,1.12,4770,17,9,0,97.81,158,2,3863,8
16-05-2013,2,12898,170,249,26,31,1.93,7470,17,14,0,36.66,239,3,1372,12
17-05-2013,2,14382,170,132,26,31,0.92,3828,26,7,0,43.52,176,5,1476,13
18-05-2013,2,12641,170,189,26,31,1.5,5292,32,10,0,49.51,169,1,4351,16
19-05-2013,2,13742,170,215,26,31,1.56,6450,17,12,0,70.46,172,2,3583,10
20-05-2013,2,13676,170,174,26,31,1.27,4524,20,9,0,59.93,153,5,3808,8
21-05-2013,2,13525,170,212,26,31,1.57,5936,18,11,0,72.74,220,5,1489,11
22-05-2013,2,14173,170,114,26,31,0.8,3078,17,6,0,76.88,238,4,1396,9
23-05-2013,2,12741,170,213,26,31,1.67,5538,17,11,0,80,248,3,2764,7
24-05-2013,2,14844,170,139,26,31,0.94,4170,17,8,0,68.85,184,5,2365,7
25-05-2013,2,14403,170,172,26,31,1.19,4988,26,9,0,38.16,225,4,2495,16
26-05-2013,2,13912,170,244,26,31,1.75,6832,18,13,0,48.61,228,3,4449,16
27-05-2013,2,14162,170,212,26,31,1.5,6572,34,13,0,84.61,204,2,1660,18
28-05-2013,2,13651,170,166,26,31,1.22,4814,28,9,0,11.57,189,5,3820,10
29-05-2013,2,12763,170,155,26,31,1.21,4805,20,9,0,53.81,194,2,4011,5
30-05-2013,2,14199,170,231,26,31,1.63,6006,20,12,0,86.32,427,1,3340,17
31-05-2013,2,17928,170,281,26,31,1.57,7594,18,15,1,92.01,231,5,3863,17
1/6/2013,3,13956,145,179,25,30,1.28,5370,17,11,0,59.8,269,3,2975,11
2/6/2013,3,13668,145,106,25,30,0.78,2968,14,6,0,51.9,274,4,2943,9
3/6/2013,3,11487,145,180,25,30,1.57,4860,13,10,0,23.29,184,2,2510,8
4/6/2013,3,13148,145,167,25,30,1.27,4509,14,9,0,89.94,215,4,1706,8
5/6/2013,3,13838,145,167,25,30,1.21,4342,14,9,0,65.69,191,2,3122,10
6/6/2013,3,13834,145,112,25,30,0.81,3360,14,7,0,82.38,184,1,3532,7
7/6/2013,3,10896,145,124,25,30,1.14,3348,13,7,0,4.23,180,3,2262,3
8/6/2013,3,13448,145,130,25,30,0.97,3510,14,7,0,68.61,210,3,4037,6
9/6/2013,3,13663,145,182,25,30,1.33,4550,16,9,0,19.24,257,3,4460,13
10/6/2013,3,10411,145,101,25,30,0.97,2828,13,5,0,92.06,254,3,2929,6
11/6/2013,3,10066,145,133,25,30,1.32,3857,13,8,0,13.74,189,3,4301,4
12/6/2013,3,11554,145,119,25,30,1.03,3570,13,7,0,22.56,229,4,1768,7
13-06-2013,3,12276,145,172,25,30,1.4,4472,13,9,0,28.74,273,4,4762,14
14-06-2013,3,11265,145,135,25,30,1.2,4050,17,8,0,54.34,250,2,2174,8
15-06-2013,3,11951,145,105,25,30,0.88,3150,16,6,0,77.47,273,3,1807,6
16-06-2013,3,10351,145,154,25,30,1.49,4312,14,9,0,44.13,254,2,1639,14
17-06-2013,3,11148,145,129,25,30,1.16,3741,16,7,0,59.12,255,1,4736,7
18-06-2013,3,11362,145,144,25,30,1.27,4032,15,8,0,9.7,237,3,1497,8
19-06-2013,3,12086,145,145,25,30,1.2,3625,14,7,0,50.7,244,3,4702,9
20-06-2013,3,13865,145,183,25,30,1.32,4941,13,10,0,33.58,186,2,2500,13
21-06-2013,3,13467,145,200,25,30,1.49,5600,16,11,0,37.78,221,4,1296,14
22-06-2013,3,12577,145,91,25,30,0.72,2639,18,5,0,35.39,237,3,3786,13
23-06-2013,3,12189,145,133,25,30,1.09,3325,16,7,0,64.12,253,4,1887,9
24-06-2013,3,13177,145,149,25,30,1.13,4470,16,9,0,39.08,413,4,1765,16
25-06-2013,3,12820,145,225,25,30,1.76,5625,18,11,1,39.05,426,4,3254,22
26-06-2013,3,16801,145,135,25,30,0.8,3375,13,7,1,44.57,474,3,4455,19
27-06-2013,3,13628,145,243,25,30,1.78,6063,15,12,1,37.83,183,2,4368,20
28-06-2013,3,11910,145,111,25,30,0.93,2775,16,5,0,9.23,263,1,3920,8
29-06-2013,3,11196,145,197,25,30,1.76,4925,15,10,0,63.28,221,2,4364,8
30-06-2013,3,10644,145,146,25,30,1.37,4088,14,8,0,11.51,254,3,3532,9
1/7/2013,3,11834,145,173,25,30,1.46,4844,17,10,0,11.4,270,4,3898,9
2/7/2013,3,10796,145,118,25,30,1.09,3186,13,6,0,0.85,232,3,2545,5
3/7/2013,3,10872,145,159,25,30,1.46,4611,16,9,0,71.65,264,3,2663,8
4/7/2013,3,11982,145,115,25,30,0.96,2990,17,6,0,18.15,177,1,4597,6
5/7/2013,3,10380,145,184,25,30,1.77,4600,17,9,0,62.11,224,3,3354,7
6/7/2013,3,11510,145,187,25,30,1.62,5423,15,11,0,75.69,231,4,2389,7
7/7/2013,3,13098,145,101,25,30,0.77,3030,14,6,0,82.73,247,2,3263,10
8/7/2013,3,10150,145,137,25,30,1.35,4110,14,8,0,40.83,275,1,2856,13
9/7/2013,3,11167,145,103,25,30,0.92,2987,17,6,0,12.4,230,4,4527,6
10/7/2013,3,12390,145,136,25,30,1.1,3672,17,7,0,81.85,269,2,1915,11
11/7/2013,3,12570,145,186,25,30,1.48,5022,14,10,0,91.99,260,3,3504,11
12/7/2013,3,12068,145,109,25,30,0.9,3161,14,6,0,6.94,212,4,3908,7
13-07-2013,3,12979,145,180,25,30,1.39,4500,14,9,0,21.34,218,1,3562,12
14-07-2013,3,13815,145,182,25,30,1.32,5278,13,11,0,0.11,221,2,1999,12
15-07-2013,3,10522,145,192,25,30,1.82,5184,14,10,0,49.17,204,2,2320,12
16-07-2013,3,11103,145,173,25,30,1.56,5017,13,10,0,13.11,201,4,2267,6
17-07-2013,3,10983,145,173,25,30,1.58,4325,15,9,0,71,220,3,1925,5
18-07-2013,3,11780,145,100,25,30,0.85,2500,14,5,0,3.21,231,1,3105,6
19-07-2013,3,10076,145,158,25,30,1.57,4266,15,8,0,64.27,183,4,4455,5
20-07-2013,3,11236,145,130,25,30,1.16,3770,17,7,0,15.25,209,4,1166,5
21-07-2013,3,12401,145,166,25,30,1.34,4316,17,9,0,28.97,270,1,4589,17
22-07-2013,3,11026,145,179,25,30,1.62,5370,16,11,0,65.49,246,3,4264,7
23-07-2013,3,10154,145,193,25,30,1.9,5790,13,12,0,14.84,237,3,4759,8
24-07-2013,3,11015,145,196,25,30,1.78,4900,15,10,0,2.69,261,2,1343,10
25-07-2013,3,13234,145,178,25,30,1.35,4628,17,9,0,41.3,176,1,4389,14
26-07-2013,3,13017,145,90,25,30,0.69,2700,15,5,0,86.1,198,3,3609,6
27-07-2013,3,13503,145,154,25,30,1.14,3850,13,8,0,34.86,195,1,4235,12
28-07-2013,3,13220,145,143,25,30,1.08,4147,17,8,0,95.57,223,4,2432,10
29-07-2013,3,13939,145,154,25,30,1.1,4466,16,9,0,44.32,182,1,1736,14
30-07-2013,3,11774,145,200,25,30,1.7,5600,17,11,0,52.45,226,3,4329,7
31-07-2013,3,10428,145,196,25,30,1.88,4900,17,10,0,19.22,245,3,1918,9
1/8/2013,3,12521,145,124,25,30,0.99,3348,13,7,0,85.69,261,3,4642,9
2/8/2013,3,12844,145,157,25,30,1.22,3925,13,8,0,61.42,184,3,4237,7
3/8/2013,3,12399,145,178,25,30,1.44,4806,14,10,0,62.09,187,2,3504,10
4/8/2013,3,12073,145,105,25,30,0.87,2625,13,5,0,19.01,234,1,4555,12
5/8/2013,3,10106,145,117,25,30,1.16,3042,15,6,0,50,194,4,3578,3
6/8/2013,3,10184,145,194,25,30,1.9,5044,14,10,0,73.22,460,3,1554,10
7/8/2013,3,15278,145,229,25,30,1.5,6176,16,13,1,86.82,272,2,3249,20
8/8/2013,3,13934,145,153,25,30,1.1,4437,13,9,0,41.79,252,3,3223,15
9/8/2013,3,10202,145,115,25,30,1.13,3335,18,7,0,75.32,221,3,1317,6
10/8/2013,3,11317,145,142,25,30,1.25,3550,15,7,0,98.9,180,3,4052,3
11/8/2013,3,13912,145,180,25,30,1.29,5040,17,10,0,7.4,236,2,2578,13
12/8/2013,3,12876,145,100,25,30,0.78,2600,17,5,0,10.9,252,2,4292,12
13-08-2013,3,10381,145,162,25,30,1.56,4860,17,10,0,34.93,204,3,1224,8
14-08-2013,3,12152,145,173,25,30,1.42,4671,14,9,0,94.85,402,1,3146,14
15-08-2013,3,16346,145,185,25,30,1.13,5180,16,10,1,11.54,192,1,4459,14
16-08-2013,3,12735,145,97,25,30,0.76,2619,14,5,0,37.51,195,3,2302,10
17-08-2013,3,12841,145,149,25,30,1.16,3725,17,7,0,78,244,4,3925,9
18-08-2013,3,11611,145,196,25,30,1.69,5684,16,11,0,18.88,254,1,3300,12
19-08-2013,3,10258,145,141,25,30,1.37,4089,14,8,0,22.99,197,3,2971,6
20-08-2013,3,11560,145,132,25,30,1.14,3696,13,7,0,60.94,196,4,2830,3
21-08-2013,3,13666,145,143,25,30,1.05,3575,13,7,0,43.22,209,2,3008,13
22-08-2013,3,10202,145,102,25,30,1,2856,16,6,0,88.37,264,3,4596,6
23-08-2013,3,11554,145,106,25,30,0.92,3074,16,6,0,25.59,182,2,4277,7
24-08-2013,3,10395,145,98,25,30,0.94,2940,14,6,0,73.06,240,2,4118,6
25-08-2013,3,13428,145,107,25,30,0.8,3103,14,6,0,77.39,269,3,4021,9
26-08-2013,3,10661,145,108,25,30,1.01,3240,14,6,0,78.22,271,4,3993,6
27-08-2013,3,10192,145,179,25,30,1.76,4833,14,10,0,3.12,242,4,1840,7
28-08-2013,3,11690,145,137,25,30,1.17,3425,14,7,0,27.58,235,4,2766,8
29-08-2013,3,13690,145,90,25,30,0.66,2250,13,4,0,54.57,182,2,3329,7
30-08-2013,3,12278,145,185,25,30,1.51,4625,15,9,0,89.81,231,3,2779,10
31-08-2013,3,10785,145,140,25,30,1.3,4060,16,8,0,31.83,187,3,3949,7
1/9/2013,4,19793,310,506,29,34,2.56,15694,44,34,1,20.77,317,2,3155,35
2/9/2013,4,13209,310,379,29,34,2.87,12886,43,28,0,55.52,319,5,1632,16
3/9/2013,4,15330,310,346,29,34,2.26,10726,35,23,0,6.08,249,6,3560,16
4/9/2013,4,15502,310,369,29,34,2.38,11439,37,25,0,42.51,226,6,5350,19
5/9/2013,4,15672,310,243,29,34,1.55,7290,37,16,0,50.9,320,3,5769,14
6/9/2013,4,14063,310,342,29,34,2.43,10944,43,24,0,35.42,261,3,4286,20
7/9/2013,4,15584,310,311,29,34,2,10263,38,22,0,12.13,235,2,2486,20
8/9/2013,4,13565,310,279,29,34,2.06,9486,32,21,0,93.5,234,6,2091,8
9/9/2013,4,13143,310,396,29,34,3.01,12672,46,28,0,37.77,228,4,1813,17
10/9/2013,4,14273,310,393,29,34,2.75,11790,36,26,0,22.9,294,3,2713,20
11/9/2013,4,15089,310,251,29,34,1.66,7279,48,16,0,2.88,236,4,4448,14
12/9/2013,4,15992,310,418,29,34,2.61,12540,36,27,0,62.59,299,2,2369,23
13-09-2013,4,13095,310,414,29,34,3.16,12834,35,28,0,57.64,269,5,4630,15
14-09-2013,4,14118,310,208,29,34,1.47,6032,48,13,0,40.39,302,4,1868,17
15-09-2013,4,13665,310,326,29,34,2.39,11084,32,24,0,38.48,333,3,4001,17
16-09-2013,4,13545,310,255,29,34,1.88,7395,37,16,0,62.93,337,3,2990,10
17-09-2013,4,15280,310,346,29,34,2.26,10034,43,22,0,49.16,236,2,5646,26
18-09-2013,4,13858,310,271,29,34,1.96,8130,37,18,0,47.52,266,5,4617,15
19-09-2013,4,14909,310,237,29,34,1.59,6873,35,15,0,49.24,496,6,3745,21
20-09-2013,4,16366,310,421,29,34,2.57,14323,31,31,1,99.91,488,6,5766,25
21-09-2013,4,16375,310,486,29,34,2.97,15560,31,34,1,22.02,429,5,2500,26
22-09-2013,4,18790,310,371,29,34,1.98,10766,46,23,1,35.92,237,6,3463,26
23-09-2013,4,15624,310,312,29,34,2,9984,43,22,0,81.52,339,3,1351,19
24-09-2013,4,13876,310,204,29,34,1.47,5916,40,13,0,31.79,249,5,5172,11
25-09-2013,4,15830,310,372,29,34,2.35,10788,40,23,0,24.1,337,4,1791,21
26-09-2013,4,14460,310,334,29,34,2.31,10020,31,22,0,34.63,323,6,3878,20
27-09-2013,4,15777,310,277,29,34,1.76,9141,45,20,0,43.97,279,6,2744,22
28-09-2013,4,13856,310,368,29,34,2.66,11408,38,25,0,71.93,230,2,3541,14
29-09-2013,4,14099,310,271,29,34,1.92,8130,42,18,0,77.41,279,3,1333,11
30-09-2013,4,15298,310,259,29,34,1.69,8547,36,18,0,82.55,406,5,4406,15
1/10/2013,4,17279,310,405,29,34,2.34,11745,50,26,1,67.06,258,3,3566,26
2/10/2013,4,14096,310,401,29,34,2.84,13233,41,29,0,18.1,344,5,1454,17
3/10/2013,4,14478,310,305,29,34,2.11,10370,37,23,0,82.72,228,5,3889,14
4/10/2013,4,15090,310,421,29,34,2.79,13893,36,30,0,2.69,283,3,1761,19
5/10/2013,4,15143,310,241,29,34,1.59,7230,31,16,0,77.71,235,3,3567,10
6/10/2013,4,15932,310,276,29,34,1.73,8280,41,18,0,55.47,245,3,4714,12
7/10/2013,4,14035,310,236,29,34,1.68,7788,47,17,0,17.38,300,2,1910,17
8/10/2013,4,15948,310,355,29,34,2.23,12070,31,26,0,2.3,328,2,2557,20
9/10/2013,4,15690,310,200,29,34,1.27,6800,44,15,0,83.63,323,2,1454,19
10/10/2013,4,15689,310,226,29,34,1.44,7006,43,15,0,7.09,233,4,1770,14
11/10/2013,4,15246,310,372,29,34,2.44,11160,50,24,0,70.57,288,4,4583,21
12/10/2013,4,14880,310,235,29,34,1.58,7050,51,15,0,29.97,325,4,1439,20
13-10-2013,4,14708,310,304,29,34,2.07,8816,49,19,0,2.32,442,4,2065,18
14-10-2013,4,17998,310,314,29,34,1.74,10354,46,23,1,3.35,295,3,2413,24
15-10-2013,4,13601,310,323,29,34,2.37,10982,35,24,0,76.24,265,4,1379,14
16-10-2013,4,15803,310,256,29,34,1.62,8192,39,18,0,17.2,289,6,3284,17
17-10-2013,4,15563,310,335,29,34,2.15,10385,42,23,0,14.34,309,4,3480,20
18-10-2013,4,14008,310,290,29,34,2.07,8990,46,19,0,27.49,285,5,2379,15
19-10-2013,4,15027,310,228,29,34,1.52,7752,32,17,0,29.41,520,4,1873,18
20-10-2013,4,18020,310,465,29,34,2.58,14415,41,32,1,9.95,295,5,5676,28
21-10-2013,4,13157,310,216,29,34,1.64,7344,33,16,0,50.4,228,3,1864,7
22-10-2013,4,15206,310,352,29,34,2.31,10912,42,24,0,45.11,347,4,2278,24
23-10-2013,4,15155,310,290,29,34,1.91,9280,50,20,0,89.47,301,5,3679,19
24-10-2013,4,14184,310,247,29,34,1.74,7657,42,17,0,46.73,262,2,4978,19
25-10-2013,4,15440,310,338,29,34,2.19,10478,36,23,0,18.65,312,2,2888,24
26-10-2013,4,14397,310,421,29,34,2.92,13051,40,29,0,21.35,266,2,4266,26
27-10-2013,4,13001,310,245,29,34,1.88,8330,34,18,0,27.13,273,5,2126,13
28-10-2013,4,14687,310,249,29,34,1.7,7221,36,16,0,87.69,331,2,1214,17
29-10-2013,4,14086,310,215,29,34,1.53,6235,32,13,0,93.99,342,5,5390,9
30-10-2013,4,15630,310,220,29,34,1.41,7480,46,16,0,65.32,325,3,1451,16
31-10-2013,4,14609,310,356,29,34,2.44,11392,33,25,0,6.01,517,6,5499,21
1/11/2013,5,24084,375,619,29,35,2.57,19800,54,39,1,66.78,475,7,8040,34
2/11/2013,5,18372,375,267,29,35,1.45,8010,52,16,0,76.24,351,3,7810,22
3/11/2013,5,15611,375,471,29,35,3.02,15072,57,30,0,98.68,499,6,6462,25
4/11/2013,5,16407,375,335,29,35,2.04,11390,46,22,0,4.99,304,6,4965,18
5/11/2013,5,17377,375,434,29,35,2.5,14756,50,29,0,67.87,332,5,6233,21
6/11/2013,5,17275,375,343,29,35,1.99,12005,93,24,0,87.42,478,7,6779,29
7/11/2013,5,19484,375,340,29,35,1.75,11220,56,22,0,67.7,365,7,5292,22
8/11/2013,5,19339,375,387,29,35,2,11610,46,23,0,95.6,414,6,4449,21
9/11/2013,5,19931,375,481,29,35,2.41,16835,68,33,0,24.13,443,3,8557,35
10/11/2013,5,16362,375,369,29,35,2.26,11070,83,22,0,0.83,418,5,8006,26
11/11/2013,5,15858,375,397,29,35,2.5,13895,76,27,0,63.63,488,7,6349,27
12/11/2013,5,19773,375,339,29,35,1.71,10509,85,21,0,7.86,417,4,4684,28
13-11-2013,5,18833,375,440,29,35,2.34,12760,59,25,0,64.38,635,4,7697,26
14-11-2013,5,24868,375,553,29,35,2.22,16575,46,33,1,86.41,331,4,5667,28
15-11-2013,5,19668,375,296,29,35,1.5,8584,41,17,0,94.09,429,5,4165,16
16-11-2013,5,19882,375,446,29,35,2.24,12934,79,25,0,52.89,475,7,8989,28
17-11-2013,5,16255,375,293,29,35,1.8,9083,81,18,0,95.78,353,7,6402,23
18-11-2013,5,19807,375,255,29,35,1.29,8415,47,16,0,33.97,341,5,8929,20
19-11-2013,5,15467,375,317,29,35,2.05,9193,44,18,0,57.02,540,6,7897,17
20-11-2013,5,20714,375,539,29,35,2.6,15624,53,31,1,90.13,649,7,5559,32
21-11-2013,5,22690,375,405,29,35,1.78,12150,47,24,1,36.73,617,6,4004,35
22-11-2013,5,20644,375,559,29,35,2.71,18439,59,36,1,95.16,332,6,7995,31
23-11-2013,5,16155,375,350,29,35,2.17,11200,73,22,0,95.04,324,3,8298,28
24-11-2013,5,17642,375,368,29,35,2.09,11040,41,22,0,42.42,342,5,5497,21
25-11-2013,5,17966,375,310,29,35,1.73,9920,45,19,0,41.1,471,3,8056,25
26-11-2013,5,18418,375,395,29,35,2.14,11455,58,22,0,36.43,325,5,5113,27
27-11-2013,5,19029,375,321,29,35,1.69,10914,91,21,0,30.94,440,5,8611,32
28-11-2013,5,17780,375,330,29,35,1.86,11220,63,22,0,86.92,300,6,6814,21
29-11-2013,5,15010,375,325,29,35,2.17,11375,83,22,0,30.46,478,6,8204,30
30-11-2013,5,18256,375,494,29,35,2.71,17290,89,34,0,55.85,552,5,8421,33
1/12/2013,5,20395,375,576,29,35,2.83,17864,70,35,1,54.8,324,5,8803,32
2/12/2013,5,16089,375,284,29,35,1.77,9088,61,18,0,92.99,308,7,6172,18
3/12/2013,5,19485,375,303,29,35,1.56,9696,49,19,0,56.38,400,6,4208,18
4/12/2013,5,18355,375,258,29,35,1.41,8772,78,17,0,27.27,471,7,6825,27
5/12/2013,5,17107,375,358,29,35,2.09,12530,55,25,0,50.09,429,4,8625,21
6/12/2013,5,17836,375,264,29,35,1.48,8712,73,17,0,88.64,392,5,5116,21
7/12/2013,5,17886,375,477,29,35,2.67,13833,87,27,0,47.68,475,7,5472,35
8/12/2013,5,17968,375,324,29,35,1.8,9720,68,19,0,64.9,310,3,8805,23
9/12/2013,5,19017,375,267,29,35,1.4,8811,62,17,0,63.67,359,4,7625,20
10/12/2013,5,19109,375,273,29,35,1.43,8190,68,16,0,94.5,465,4,5795,22
11/12/2013,5,16588,375,303,29,35,1.83,10302,44,20,0,39.12,310,3,6154,26
12/12/2013,5,19878,375,484,29,35,2.43,15488,81,30,0,34.57,454,4,7545,34
13-12-2013,5,18978,375,464,29,35,2.44,13920,78,27,0,16.6,491,7,4609,31
14-12-2013,5,24445,375,376,29,35,1.54,11664,78,23,1,23.73,483,6,6030,37
15-12-2013,5,15185,375,340,29,35,2.24,11560,63,23,0,80.86,424,6,7844,22
16-12-2013,5,15380,375,326,29,35,2.12,9454,69,18,0,34.68,304,6,8062,23
17-12-2013,5,19571,375,274,29,35,1.4,8768,70,17,0,51.45,352,6,6899,22
18-12-2013,5,19167,375,310,29,35,1.62,8990,44,17,0,92.11,458,7,5572,18
19-12-2013,5,19596,375,414,29,35,2.11,12006,52,24,0,11.04,596,6,5296,25
20-12-2013,5,24434,375,450,29,35,1.84,15750,43,31,1,20.16,438,3,6317,36
21-12-2013,5,17237,375,356,29,35,2.07,11036,50,22,0,58.83,433,6,5455,20
22-12-2013,5,15721,375,420,29,35,2.67,14280,45,28,0,29.81,339,3,8296,28
23-12-2013,5,18337,375,500,29,35,2.73,14500,64,29,0,68.66,564,3,4092,35
24-12-2013,5,24031,375,479,29,35,1.99,14841,54,29,1,68.12,609,6,4101,34
25-12-2013,5,19318,375,518,29,35,2.68,18113,91,36,1,49.85,470,4,4245,47
26-12-2013,5,17615,375,440,29,35,2.5,14080,64,28,0,94.94,333,3,4624,29
27-12-2013,5,17906,375,281,29,35,1.57,8711,52,17,0,98.83,448,6,6540,17
28-12-2013,5,16702,375,366,29,35,2.19,11346,61,22,0,17.27,364,6,7365,24
29-12-2013,5,19432,375,359,29,35,1.85,11488,59,22,0,39.58,494,5,4647,28
30-12-2013,5,21096,375,398,29,35,1.88,12323,59,24,1,59.62,622,4,5847,31
31-12-2013,5,20921,375,538,29,35,2.57,16125,69,32,1,69.29,511,4,6883,35
1/1/2014,1,12329,225,126,28,31,1.02,3654,26,9,0,72.82,468,4,4292,10
2/1/2014,1,14077,225,139,28,31,0.99,4309,23,10,0,74.64,486,4,2960,14
3/1/2014,1,12410,225,247,28,31,1.99,7657,25,19,0,47.92,461,8,1375,18
4/1/2014,1,11232,225,151,28,31,1.34,4228,28,10,0,10.24,534,5,1239,12
5/1/2014,1,14294,225,221,28,31,1.55,6188,36,15,0,93.42,437,8,2707,17
6/1/2014,1,14821,225,224,28,31,1.51,6496,23,16,0,83.93,571,3,3667,20
7/1/2014,1,11410,225,267,28,31,2.34,7743,23,19,0,14.76,529,8,3803,14
8/1/2014,1,14255,225,249,28,31,1.75,7470,25,18,0,88.33,297,6,4016,11
9/1/2014,1,10583,225,223,28,31,2.11,6467,22,16,0,65.99,261,3,1579,7
10/1/2014,1,14013,225,190,28,31,1.36,5320,40,13,0,11.46,500,3,3064,22
11/1/2014,1,10632,225,209,28,31,1.97,6270,26,15,0,81.42,262,1,4554,8
12/1/2014,1,12077,225,116,28,31,0.96,3248,36,8,0,76.78,271,7,2529,7
13-01-2014,1,13032,225,297,28,31,2.28,8910,24,22,0,80.7,421,4,2573,15
14-01-2014,1,13720,225,262,28,31,1.91,8122,44,20,0,91.22,554,2,2146,25
15-01-2014,1,12855,225,241,28,31,1.87,6989,29,17,0,65.48,415,1,1387,18
16-01-2014,1,11327,225,135,28,31,1.19,3780,38,9,0,28.29,295,5,3833,11
17-01-2014,1,10032,225,206,28,31,2.05,5768,25,14,0,59.9,525,1,2684,14
18-01-2014,1,10623,225,252,28,31,2.37,7056,32,17,0,22.73,349,2,1747,12
19-01-2014,1,12065,225,118,28,31,0.98,3540,42,8,0,77.74,293,1,1016,10
20-01-2014,1,12429,225,280,28,31,2.25,7840,45,19,0,88.53,330,4,2977,12
21-01-2014,1,12502,225,283,28,31,2.26,8490,40,21,0,9.68,425,1,3845,23
22-01-2014,1,13524,225,190,28,31,1.4,5890,40,14,0,10.31,433,5,4584,17
23-01-2014,1,13199,225,215,28,31,1.63,6450,26,16,0,3.04,387,6,4026,10
24-01-2014,1,13373,225,180,28,31,1.35,5220,35,13,0,65.56,287,8,4322,10
25-01-2014,1,11221,225,269,28,31,2.4,7532,28,18,0,41.16,800,4,2047,21
26-01-2014,1,12870,225,276,28,31,2.15,8011,31,20,1,59.14,598,5,3810,22
27-01-2014,1,13029,225,142,28,31,1.09,4402,23,11,0,79.1,538,4,3301,13
28-01-2014,1,14862,225,220,28,31,1.48,6820,29,17,0,49.79,299,7,2716,17
29-01-2014,1,14177,225,155,28,31,1.09,4805,37,12,0,83.47,229,7,1748,11
30-01-2014,1,12580,225,175,28,31,1.39,4900,38,12,0,70.45,205,8,2200,11
31-01-2014,1,14624,225,117,28,31,0.8,3276,43,8,0,30.14,576,2,4082,26
1/2/2014,1,14749,225,268,28,31,1.81,8025,36,20,1,5.6,576,5,4849,25
2/2/2014,1,14822,225,231,28,31,1.56,6699,23,16,0,43.85,395,4,1622,15
3/2/2014,1,13480,225,250,28,31,1.85,7000,36,17,0,53.08,543,3,1075,20
4/2/2014,1,14391,225,228,28,31,1.58,6384,27,15,0,71.11,490,6,3601,16
5/2/2014,1,11276,225,126,28,31,1.12,3780,22,9,0,50.99,440,5,4141,8
6/2/2014,1,10504,225,263,28,31,2.5,7890,45,19,0,35.93,277,7,2868,16
7/2/2014,1,14740,225,183,28,31,1.24,5490,24,13,0,72.88,296,8,3671,9
8/2/2014,1,12706,225,265,28,31,2.09,7685,24,19,0,81.12,556,6,3155,17
9/2/2014,1,12326,225,207,28,31,1.68,6003,40,15,0,97.74,299,3,1868,12
10/2/2014,1,12015,225,151,28,31,1.26,4228,38,10,0,82.99,445,2,4778,14
11/2/2014,1,13768,225,289,28,31,2.1,8670,29,21,0,71.02,381,4,2173,12
12/2/2014,1,11311,225,242,28,31,2.14,7502,25,18,0,37.51,365,4,2397,12
13-02-2014,1,12638,225,236,28,31,1.87,6844,25,17,0,1.45,607,8,2092,16
14-02-2014,1,15159,225,188,28,31,1.24,5438,22,13,1,18.07,487,6,3019,18
15-02-2014,1,10743,225,135,28,31,1.26,4185,36,10,0,64.24,323,6,4532,7
16-02-2014,1,10448,225,260,28,31,2.49,7800,33,19,0,66.02,300,5,3421,10
17-02-2014,1,10358,225,144,28,31,1.39,4032,22,10,0,5.09,408,5,3164,9
18-02-2014,1,10988,225,143,28,31,1.3,4290,45,10,0,9.15,372,2,1607,12
19-02-2014,1,10540,225,134,28,31,1.27,4020,24,10,0,61.73,423,4,2421,9
20-02-2014,1,11086,225,226,28,31,2.04,7006,37,17,0,72.09,387,4,4968,9
21-02-2014,1,12587,225,243,28,31,1.93,7290,35,18,0,94.68,405,4,2034,16
22-02-2014,1,13477,225,138,28,31,1.02,3864,23,9,0,34.95,524,8,3764,16
23-02-2014,1,13251,225,282,28,31,2.13,8460,29,21,0,52.88,707,5,4702,19
24-02-2014,1,13945,225,256,28,31,1.84,7175,32,17,1,11.44,496,1,2525,24
25-02-2014,1,10491,225,289,28,31,2.75,8959,36,22,0,28.41,528,2,2272,22
26-02-2014,1,12446,225,173,28,31,1.39,5190,38,12,0,67.56,565,4,2923,14
27-02-2014,1,11238,225,300,28,31,2.67,9300,44,23,0,88.57,445,6,2795,17
28-02-2014,1,14445,225,202,28,31,1.4,6262,36,15,0,48.16,777,1,3609,31
1/3/2014,2,14003,170,163,26,31,1.16,4564,20,9,0,46.22,202,2,4257,18
2/3/2014,2,12078,170,185,26,31,1.53,5550,32,11,0,97.77,178,4,2894,8
3/3/2014,2,12075,170,93,26,31,0.77,2883,24,5,0,29.09,186,4,1810,8
4/3/2014,2,14556,170,155,26,31,1.06,4340,26,8,0,74.15,193,2,1419,11
5/3/2014,2,14414,170,127,26,31,0.88,3683,23,7,0,86.9,190,1,2033,11
6/3/2014,2,12413,170,154,26,31,1.24,4004,21,8,0,80.43,160,1,4170,5
7/3/2014,2,13418,170,109,26,31,0.81,3161,18,6,0,74.69,176,5,3164,4
8/3/2014,2,12299,170,145,26,31,1.18,3915,20,7,0,35.77,168,2,2619,10
9/3/2014,2,13127,170,191,26,31,1.46,5921,21,11,0,69.33,205,5,3049,8
10/3/2014,2,14375,170,166,26,31,1.15,4482,18,8,0,36.76,211,5,3304,14
11/3/2014,2,14866,170,210,26,31,1.41,6510,31,13,0,27.54,154,5,4193,15
12/3/2014,2,14223,170,149,26,31,1.05,4321,34,8,0,3.36,178,1,2635,13
13-03-2014,2,13261,170,137,26,31,1.03,3973,19,7,0,37.37,226,2,3402,12
14-03-2014,2,12649,170,225,26,31,1.78,6975,20,13,0,50.68,385,5,1514,10
15-03-2014,2,18274,170,311,26,31,1.7,9649,20,19,1,30.97,227,5,3632,22
16-03-2014,2,14656,170,224,26,31,1.53,6048,27,12,0,98.61,243,4,3259,13
17-03-2014,2,14575,170,221,26,31,1.52,6188,17,12,0,26.55,161,5,3984,12
18-03-2014,2,12447,170,102,26,31,0.82,3162,28,6,0,46.6,247,3,2894,13
19-03-2014,2,14801,170,128,26,31,0.86,3584,26,7,0,37.23,205,5,2997,15
20-03-2014,2,13647,170,141,26,31,1.03,4371,20,8,0,57.17,239,1,3696,11
21-03-2014,2,13167,170,170,26,31,1.29,4420,20,8,0,26.49,177,3,3861,7
22-03-2014,2,14754,170,94,26,31,0.64,2444,21,4,0,27.96,202,1,1972,16
23-03-2014,2,13125,170,174,26,31,1.33,4524,26,9,0,6.53,188,4,1685,7
24-03-2014,2,13771,170,118,26,31,0.86,3186,26,6,0,24.24,194,3,1639,10
25-03-2014,2,14673,170,202,26,31,1.38,5656,26,11,0,55.28,200,2,2389,13
26-03-2014,2,14725,170,106,26,31,0.72,3180,19,6,0,87.97,220,3,1132,10
27-03-2014,2,13795,170,103,26,31,0.75,2884,33,5,0,62.75,173,2,2625,12
28-03-2014,2,12258,170,186,26,31,1.52,4836,23,9,0,58.54,209,1,4135,10
29-03-2014,2,12927,170,183,26,31,1.42,4758,27,9,0,19.3,225,4,3968,10
30-03-2014,2,12414,170,125,26,31,1.01,3250,27,6,0,80.31,397,3,1426,9
31-03-2014,2,16619,170,198,26,31,1.19,5333,17,10,1,47.43,362,2,2502,25
1/4/2014,2,16666,170,215,26,31,1.29,5805,25,11,1,17.91,189,3,1028,16
2/4/2014,2,12447,170,176,26,31,1.41,5456,18,10,0,51.01,250,2,2853,11
3/4/2014,2,13749,170,99,26,31,0.72,2970,32,5,0,80.51,181,4,2570,9
4/4/2014,2,12311,170,211,26,31,1.71,6119,32,12,0,19.6,212,1,2485,14
5/4/2014,2,14957,170,158,26,31,1.06,4582,19,9,0,91.19,226,5,4339,10
6/4/2014,2,13397,170,198,26,31,1.48,6138,18,12,0,16.21,189,2,2370,10
7/4/2014,2,14970,170,112,26,31,0.75,2912,33,5,0,74.33,173,5,4124,11
8/4/2014,2,14476,170,225,26,31,1.55,6075,27,12,0,48.43,205,1,2877,22
9/4/2014,2,14541,170,188,26,31,1.29,5828,22,11,0,92.76,243,4,1495,12
10/4/2014,2,12200,170,124,26,31,1.02,3472,22,6,0,46.66,156,5,2051,9
11/4/2014,2,14416,170,245,26,31,1.7,6615,24,13,0,33.2,186,5,2274,14
12/4/2014,2,14921,170,198,26,31,1.33,5148,24,10,0,12.53,246,1,3800,17
13-04-2014,2,12036,170,193,26,31,1.6,5790,26,11,0,59.01,153,4,4177,7
14-04-2014,2,13805,170,183,26,31,1.33,4758,28,9,0,69.61,416,5,1254,14
15-04-2014,2,16063,170,134,26,31,0.83,3745,18,7,1,68.18,447,4,2533,14
16-04-2014,2,16791,170,208,26,31,1.24,5810,34,11,1,56.15,228,1,3807,21
17-04-2014,2,13355,170,106,26,31,0.79,3286,17,6,0,21.67,250,3,2074,8
18-04-2014,2,13384,170,110,26,31,0.82,3080,18,6,0,52.03,194,5,1671,4
19-04-2014,2,12369,170,226,26,31,1.83,6102,26,12,0,21.54,360,1,2302,16
20-04-2014,2,15318,170,163,26,31,1.06,4550,22,9,1,28.09,191,2,3671,15
21-04-2014,2,13871,170,96,26,31,0.69,2784,31,5,0,45.93,166,1,2016,17
22-04-2014,2,14365,170,142,26,31,0.99,3834,20,7,0,79.73,152,1,3355,10
23-04-2014,2,13906,170,194,26,31,1.4,5820,18,11,0,25.69,196,5,3689,12
24-04-2014,2,13513,170,163,26,31,1.21,4238,25,8,0,75.1,219,5,2707,10
25-04-2014,2,14392,170,248,26,31,1.72,6944,17,13,0,19.9,239,2,4163,16
26-04-2014,2,14131,170,138,26,31,0.98,3864,30,7,0,4.53,207,2,4135,14
27-04-2014,2,13747,170,149,26,31,1.08,4172,28,8,0,31.91,186,1,2020,14
28-04-2014,2,13207,170,150,26,31,1.14,4350,25,8,0,34.82,193,2,2472,10
29-04-2014,2,13434,170,246,26,31,1.83,6396,17,12,0,82.91,234,3,3780,7
30-04-2014,2,14586,170,167,26,31,1.14,5010,29,10,0,67.21,205,5,1310,13
1/5/2014,2,12443,170,92,26,31,0.74,2760,28,5,0,11.36,230,4,2347,9
2/5/2014,2,13489,170,247,26,31,1.83,6422,17,12,0,56.24,180,2,1765,6
3/5/2014,2,13572,170,139,26,31,1.02,3753,19,7,0,82.38,212,3,2397,9
4/5/2014,2,14252,170,181,26,31,1.27,5430,34,10,0,40.33,210,2,4384,23
5/5/2014,2,14237,170,159,26,31,1.12,4611,18,9,0,73.28,154,1,3866,10
6/5/2014,2,13990,170,182,26,31,1.3,4732,20,9,0,95.94,230,4,3391,10
7/5/2014,2,12030,170,201,26,31,1.67,6030,32,12,0,52.08,203,3,4248,10
8/5/2014,2,13163,170,98,26,31,0.74,2646,18,5,0,88.73,212,4,1857,6
9/5/2014,2,13842,170,106,26,31,0.77,3074,23,6,0,4.78,164,5,3412,8
10/5/2014,2,14106,170,246,26,31,1.74,7626,19,15,0,47.98,206,4,4409,18
11/5/2014,2,13919,170,139,26,31,1,4309,18,8,0,84.66,215,4,2819,9
12/5/2014,2,14473,170,195,26,31,1.35,5460,26,10,0,19.08,174,3,4216,13
13-05-2014,2,14927,170,233,26,31,1.56,7223,26,14,0,87.45,167,5,1249,12
14-05-2014,2,13302,170,100,26,31,0.75,3000,29,6,0,0.3,195,3,1349,6
15-05-2014,2,12922,170,220,26,31,1.7,6600,25,13,0,84.73,152,4,3478,7
16-05-2014,2,12910,170,216,26,31,1.67,5832,33,11,0,74.08,222,1,3870,13
17-05-2014,2,13297,170,108,26,31,0.81,2916,18,5,0,23.57,180,2,1039,7
18-05-2014,2,14961,170,164,26,31,1.1,5084,21,10,0,23.37,173,5,2736,11
19-05-2014,2,13135,170,208,26,31,1.58,6240,19,12,0,12.98,173,4,2644,7
20-05-2014,2,12035,170,182,26,31,1.51,5460,21,10,0,82.15,170,5,1801,6
21-05-2014,2,13011,170,174,26,31,1.34,4524,24,9,0,37.41,235,2,2887,14
22-05-2014,2,13014,170,185,26,31,1.42,4995,29,9,0,6.89,214,2,1718,12
23-05-2014,2,12583,170,133,26,31,1.06,4123,20,8,0,97.83,162,1,1026,5
24-05-2014,2,12302,170,235,26,31,1.91,6345,27,12,0,25.42,161,3,2365,10
25-05-2014,2,14673,170,133,26,31,0.91,3857,33,7,0,7.54,169,4,1361,12
26-05-2014,2,12977,170,94,26,31,0.72,2914,24,5,0,80.2,242,5,2297,7
27-05-2014,2,14542,170,207,26,31,1.42,6210,25,12,0,14.2,215,5,2197,14
28-05-2014,2,12648,170,121,26,31,0.96,3751,29,7,0,29.19,214,1,4174,13
29-05-2014,2,14846,170,148,26,31,1,4440,17,8,0,29.26,218,5,3749,12
30-05-2014,2,14749,170,155,26,31,1.05,4805,29,9,0,44.98,400,2,2415,22
31-05-2014,2,16805,170,309,26,31,1.84,8645,17,17,1,81.49,230,2,1460,18
1/6/2014,3,13228,145,182,25,30,1.38,4732,16,9,0,65.27,181,2,3942,10
2/6/2014,3,12136,145,135,25,30,1.11,3645,14,7,0,83.37,204,2,2032,7
3/6/2014,3,13156,145,92,25,30,0.7,2484,15,5,0,65.94,243,3,2316,8
4/6/2014,3,11515,145,98,25,30,0.85,2646,13,5,0,81.76,212,2,1121,4
5/6/2014,3,11670,145,137,25,30,1.17,3836,14,8,0,46.67,236,1,1045,12
6/6/2014,3,10654,145,176,25,30,1.65,5104,17,10,0,24.08,192,4,1998,7
7/6/2014,3,10543,145,155,25,30,1.47,4185,15,8,0,9.52,188,1,1909,7
8/6/2014,3,12942,145,103,25,30,0.8,2678,18,5,0,0.59,224,1,1276,11
9/6/2014,3,13948,145,186,25,30,1.33,4650,13,9,0,29.68,183,4,1997,11
10/6/2014,3,11407,145,171,25,30,1.5,4959,13,10,0,64.94,253,2,2048,10
11/6/2014,3,10534,145,169,25,30,1.6,5070,15,10,0,29.33,211,3,1263,8
12/6/2014,3,13062,145,124,25,30,0.95,3224,15,6,0,85.36,211,1,1562,7
13-06-2014,3,11814,145,168,25,30,1.42,5040,15,10,0,49.69,261,3,4253,13
14-06-2014,3,13140,145,175,25,30,1.33,4725,16,9,0,12.76,274,2,2555,14
15-06-2014,3,12716,145,159,25,30,1.25,3975,13,8,0,33.62,268,2,3196,16
16-06-2014,3,11760,145,169,25,30,1.44,4901,14,10,0,99.75,241,1,2036,8
17-06-2014,3,13550,145,103,25,30,0.76,2575,13,5,0,11.95,243,3,2291,9
18-06-2014,3,12538,145,106,25,30,0.85,2968,13,6,0,2.53,227,4,1822,8
19-06-2014,3,12704,145,119,25,30,0.94,2975,14,6,0,40.97,207,4,2815,10
20-06-2014,3,13029,145,162,25,30,1.24,4050,16,8,0,69.67,190,3,3356,8
21-06-2014,3,11187,145,91,25,30,0.81,2730,13,5,0,69.77,263,2,3288,7
22-06-2014,3,11176,145,134,25,30,1.2,3752,13,7,0,59.8,187,2,4702,4
23-06-2014,3,10280,145,100,25,30,0.97,3000,17,6,0,43.99,258,2,3002,12
24-06-2014,3,11697,145,102,25,30,0.87,2958,16,6,0,74.96,401,1,3059,8
25-06-2014,3,15448,145,216,25,30,1.4,5623,15,11,1,61.24,445,1,3750,20
26-06-2014,3,14976,145,118,25,30,0.78,3290,13,6,1,14.29,444,3,2851,14
27-06-2014,3,12628,145,196,25,30,1.55,4906,15,10,1,27.41,264,3,2926,17
28-06-2014,3,10603,145,125,25,30,1.18,3750,17,7,0,56.04,219,2,4794,4
29-06-2014,3,13056,145,132,25,30,1.01,3432,13,7,0,49.73,182,4,1779,11
30-06-2014,3,12176,145,105,25,30,0.86,2835,14,5,0,69.85,226,2,1186,10
1/7/2014,3,11764,145,111,25,30,0.94,2997,15,6,0,1.27,180,3,3260,3
2/7/2014,3,11524,145,107,25,30,0.93,2996,15,6,0,92.57,226,1,1438,6
3/7/2014,3,10944,145,104,25,30,0.95,3120,17,6,0,16.28,206,1,2547,6
4/7/2014,3,11606,145,186,25,30,1.6,5394,16,11,0,70.08,267,1,4532,10
5/7/2014,3,12949,145,102,25,30,0.79,2754,16,5,0,15.34,253,2,2931,13
6/7/2014,3,12880,145,107,25,30,0.83,3210,13,6,0,80.16,240,1,1540,10
7/7/2014,3,10822,145,184,25,30,1.7,5520,18,11,0,90.6,201,1,1723,7
8/7/2014,3,11868,145,103,25,30,0.87,2781,13,5,0,85.15,210,1,2909,4
9/7/2014,3,12964,145,173,25,30,1.33,5190,14,10,0,35.97,224,1,2671,17
10/7/2014,3,10753,145,115,25,30,1.07,2990,14,6,0,3.48,223,4,1723,5
11/7/2014,3,10058,145,188,25,30,1.87,5076,16,10,0,59.78,271,1,1439,10
12/7/2014,3,10255,145,103,25,30,1,2884,17,6,0,4.68,189,2,2500,4
13-07-2014,3,11393,145,146,25,30,1.28,3796,14,7,0,97.83,221,4,2318,6
14-07-2014,3,13942,145,106,25,30,0.76,2862,15,6,0,19.53,198,3,2796,8
15-07-2014,3,13712,145,179,25,30,1.31,5012,14,10,0,27.2,185,3,1055,11
16-07-2014,3,13790,145,134,25,30,0.97,3886,17,8,0,96.52,192,2,2789,7
17-07-2014,3,13912,145,109,25,30,0.78,2725,13,5,0,68.52,257,4,2332,9
18-07-2014,3,11107,145,150,25,30,1.35,4200,15,8,0,55.35,255,1,1250,10
19-07-2014,3,12208,145,186,25,30,1.52,4836,15,10,0,65.91,246,3,1948,10
20-07-2014,3,10914,145,97,25,30,0.89,2910,18,6,0,28.22,214,4,3705,7
21-07-2014,3,11546,145,102,25,30,0.88,3060,13,6,0,31.83,206,2,2423,7
22-07-2014,3,11472,145,177,25,30,1.54,5310,15,11,0,49.01,211,1,1666,12
23-07-2014,3,10164,145,153,25,30,1.51,3978,14,8,0,66.83,264,3,2215,7
24-07-2014,3,12749,145,192,25,30,1.51,5568,17,11,0,99.85,255,3,3575,11
25-07-2014,3,13167,145,156,25,30,1.18,3900,16,8,0,44.63,267,3,3220,14
26-07-2014,3,10316,145,191,25,30,1.85,5348,15,11,0,54.87,243,4,4293,7
27-07-2014,3,11791,145,121,25,30,1.03,3025,14,6,0,8.45,194,3,2584,4
28-07-2014,3,11265,145,142,25,30,1.26,3550,13,7,0,67.52,256,1,2187,7
29-07-2014,3,10880,145,97,25,30,0.89,2910,14,6,0,81.5,203,4,4457,3
30-07-2014,3,12116,145,98,25,30,0.81,2646,16,5,0,10.13,231,1,3585,11
31-07-2014,3,13330,145,143,25,30,1.07,4147,17,8,0,99.47,229,2,3941,12
1/8/2014,3,13230,145,193,25,30,1.46,5018,15,10,0,29.58,252,3,1733,14
2/8/2014,3,10812,145,165,25,30,1.53,4125,13,8,0,64.17,187,4,4166,5
3/8/2014,3,10949,145,178,25,30,1.63,5162,17,10,0,80.04,235,4,4097,7
4/8/2014,3,13127,145,186,25,30,1.42,4650,13,9,0,73.35,252,1,3290,13
5/8/2014,3,11377,145,197,25,30,1.73,5516,14,11,0,23.51,196,4,2339,7
6/8/2014,3,12257,145,200,25,30,1.63,5800,14,12,0,97.69,388,1,2490,14
7/8/2014,3,17148,145,238,25,30,1.39,6650,13,14,1,89.52,201,1,1991,15
8/8/2014,3,10311,145,93,25,30,0.9,2697,13,5,0,92.5,233,2,4739,6
9/8/2014,3,12157,145,129,25,30,1.06,3870,17,8,0,27.51,236,2,1402,13
10/8/2014,3,11708,145,96,25,30,0.82,2784,13,5,0,18.78,251,2,1806,10
11/8/2014,3,12561,145,121,25,30,0.96,3509,13,7,0,38.53,271,3,1018,13
12/8/2014,3,13166,145,100,25,30,0.76,2600,15,5,0,77.96,215,3,4000,6
13-08-2014,3,13358,145,142,25,30,1.06,3976,13,8,0,15.88,214,4,1701,8
14-08-2014,3,13134,145,146,25,30,1.11,4234,13,8,0,54.22,398,2,1289,14
15-08-2014,3,17494,145,235,25,30,1.34,6815,15,14,1,63.83,226,3,2765,16
16-08-2014,3,11175,145,174,25,30,1.56,4698,17,9,0,95.9,183,2,1450,6
17-08-2014,3,12908,145,103,25,30,0.8,2884,17,6,0,18.74,226,2,3474,12
18-08-2014,3,13694,145,94,25,30,0.69,2350,15,4,0,61.58,199,1,3749,7
19-08-2014,3,12741,145,113,25,30,0.89,3277,17,6,0,48.36,219,2,4590,13
20-08-2014,3,12733,145,144,25,30,1.13,4032,13,8,0,86.5,225,1,3107,12
21-08-2014,3,13856,145,155,25,30,1.12,4495,17,9,0,25.41,188,2,1128,13
22-08-2014,3,10270,145,172,25,30,1.67,4300,13,9,0,75.56,188,3,2504,5
23-08-2014,3,13748,145,183,25,30,1.33,5124,16,10,0,53.59,218,3,2667,8
24-08-2014,3,11672,145,96,25,30,0.82,2592,13,5,0,61.76,240,4,1490,5
25-08-2014,3,12565,145,124,25,30,0.99,3472,18,7,0,43.79,238,3,2233,13
26-08-2014,3,13417,145,179,25,30,1.33,4654,16,9,0,19.04,242,2,1425,14
27-08-2014,3,13753,145,96,25,30,0.7,2784,13,5,0,10.14,215,4,2174,7
28-08-2014,3,10714,145,168,25,30,1.57,4536,14,9,0,55.94,180,3,1622,5
29-08-2014,3,10907,145,173,25,30,1.59,4844,13,10,0,68.98,208,4,2921,5
30-08-2014,3,13395,145,90,25,30,0.67,2700,15,5,0,72.35,222,3,4545,8
31-08-2014,3,13825,145,184,25,30,1.33,5336,14,11,0,25.07,202,2,1434,13
1/9/2014,4,16726,310,305,29,34,1.82,10065,46,22,1,71.11,239,6,3162,19
2/9/2014,4,15120,310,226,29,34,1.49,7006,48,15,0,72.67,306,6,4336,17
3/9/2014,4,14505,310,387,29,34,2.67,11997,38,26,0,32.63,305,3,1252,22
4/9/2014,4,13577,310,215,29,34,1.58,6665,31,14,0,83.48,328,5,3247,9
5/9/2014,4,13820,310,290,29,34,2.1,9280,50,20,0,73.69,238,4,4269,12
6/9/2014,4,13886,310,273,29,34,1.97,8736,32,19,0,85.2,346,5,4760,9
7/9/2014,4,15601,310,341,29,34,2.19,9889,37,21,0,98.04,317,5,4517,17
8/9/2014,4,15135,310,328,29,34,2.17,10168,39,22,0,65.58,338,2,1310,23
9/9/2014,4,15517,310,265,29,34,1.71,7685,46,17,0,52.63,245,5,4318,13
10/9/2014,4,14168,310,384,29,34,2.71,13056,32,29,0,6.48,315,3,5156,14
11/9/2014,4,15350,310,285,29,34,1.86,8265,39,18,0,91.95,244,5,2083,12
12/9/2014,4,13317,310,373,29,34,2.8,12309,50,27,0,87.66,258,5,4992,17
13-09-2014,4,15159,310,292,29,34,1.93,9052,44,20,0,39.71,273,2,1212,26
14-09-2014,4,13674,310,237,29,34,1.73,6873,44,15,0,12.41,295,2,4641,16
15-09-2014,4,14735,310,271,29,34,1.84,8672,35,19,0,44.8,270,5,3810,18
16-09-2014,4,15954,310,372,29,34,2.33,11904,36,26,0,74.96,300,3,4448,18
17-09-2014,4,13119,310,202,29,34,1.54,6464,31,14,0,65.74,228,3,2593,6
18-09-2014,4,13853,310,292,29,34,2.11,9636,44,21,0,60.96,293,6,1429,14
19-09-2014,4,14600,310,259,29,34,1.77,7770,31,17,0,84.32,482,5,3191,15
20-09-2014,4,16671,310,513,29,34,3.07,15888,44,35,1,87.65,416,2,4974,32
21-09-2014,4,19179,310,396,29,34,2.07,13473,39,29,1,48.01,500,3,4962,32
22-09-2014,4,16959,310,395,29,34,2.33,11455,46,25,1,11.98,263,4,3646,25
23-09-2014,4,15804,310,296,29,34,1.87,9768,34,21,0,32.78,347,6,5693,19
24-09-2014,4,13724,310,238,29,34,1.73,7378,41,16,0,10.55,320,4,1777,12
25-09-2014,4,15731,310,416,29,34,2.64,12064,41,26,0,79.37,337,4,1730,20
26-09-2014,4,13177,310,276,29,34,2.09,9108,44,20,0,90.26,244,5,3597,11
27-09-2014,4,13271,310,418,29,34,3.15,12958,36,28,0,80.21,229,4,4526,12
28-09-2014,4,14106,310,398,29,34,2.82,11542,50,25,0,65.92,306,4,4111,17
29-09-2014,4,13051,310,397,29,34,3.04,12704,44,28,0,68.92,278,6,1500,16
30-09-2014,4,14213,310,387,29,34,2.72,11610,41,25,0,94.51,416,3,4186,20
1/10/2014,4,19409,310,323,29,34,1.66,9675,31,21,1,77.7,261,4,4141,20
2/10/2014,4,14043,310,313,29,34,2.23,10016,45,22,0,4.26,227,2,3160,16
3/10/2014,4,15225,310,287,29,34,1.89,9184,43,20,0,78.4,237,5,3308,15
4/10/2014,4,13079,310,405,29,34,3.1,12150,38,27,0,26.02,283,4,3631,19
5/10/2014,4,15051,310,340,29,34,2.26,11560,35,25,0,88,229,2,4623,18
6/10/2014,4,13853,310,404,29,34,2.92,11716,45,26,0,44,246,4,4297,17
7/10/2014,4,15790,310,350,29,34,2.22,11900,43,26,0,12.28,240,4,3396,18
8/10/2014,4,15484,310,281,29,34,1.81,9273,41,20,0,31.48,258,3,1216,20
9/10/2014,4,13253,310,263,29,34,1.98,7890,35,17,0,45.69,337,2,3359,18
10/10/2014,4,15799,310,425,29,34,2.69,14025,35,31,0,59.63,258,2,4838,24
11/10/2014,4,14997,310,342,29,34,2.28,9918,49,22,0,93.39,270,4,4807,20
12/10/2014,4,15352,310,411,29,34,2.68,12330,34,27,0,8.36,237,6,5276,17
13-10-2014,4,14992,310,372,29,34,2.48,11904,41,26,0,65.67,429,5,3639,20
14-10-2014,4,17726,310,429,29,34,2.42,12863,46,28,1,64.24,289,5,2862,25
15-10-2014,4,15575,310,416,29,34,2.67,14144,43,31,0,34.74,292,5,4202,25
16-10-2014,4,15770,310,424,29,34,2.69,12720,33,28,0,32.68,333,5,1331,22
17-10-2014,4,14543,310,283,29,34,1.95,8773,39,19,0,44,283,2,4813,23
18-10-2014,4,15491,310,255,29,34,1.65,8160,39,18,0,87.02,241,6,3441,12
19-10-2014,4,13704,310,323,29,34,2.36,9367,33,20,0,46.28,501,6,2078,20
20-10-2014,4,18151,310,309,29,34,1.7,9571,51,21,1,38.33,322,5,2454,29
21-10-2014,4,15915,310,211,29,34,1.33,6541,31,14,0,62.18,317,4,4780,13
22-10-2014,4,14832,310,231,29,34,1.56,6930,38,15,0,46.74,343,4,4460,20
23-10-2014,4,14688,310,323,29,34,2.2,10013,31,22,0,92.24,316,4,4054,17
24-10-2014,4,15127,310,400,29,34,2.64,11600,33,25,0,46.4,338,4,2164,23
25-10-2014,4,13968,310,384,29,34,2.75,11520,35,25,0,36.53,261,3,3645,18
26-10-2014,4,13774,310,260,29,34,1.89,8060,46,17,0,87.39,312,2,4356,14
27-10-2014,4,14282,310,213,29,34,1.49,6390,40,14,0,70.83,325,3,4702,15
28-10-2014,4,14248,310,340,29,34,2.39,10200,32,22,0,63.56,247,6,3103,14
29-10-2014,4,14191,310,207,29,34,1.46,6831,50,15,0,76.13,246,5,2381,10
30-10-2014,4,15854,310,413,29,34,2.61,12803,37,28,0,53.92,231,5,3631,16
31-10-2014,4,13065,310,365,29,34,2.79,12410,39,27,0,27.1,432,5,2808,19
1/11/2014,5,22354,375,464,29,35,2.07,14840,59,29,1,98.72,380,7,8866,32
2/11/2014,5,17484,375,489,29,35,2.8,14181,65,28,0,56.61,447,6,6603,26
3/11/2014,5,18131,375,453,29,35,2.5,15402,48,30,0,85.05,478,7,5723,25
4/11/2014,5,15329,375,376,29,35,2.45,12784,66,25,0,45.36,417,7,4118,29
5/11/2014,5,18098,375,473,29,35,2.61,16555,41,33,0,38.71,442,3,7077,31
6/11/2014,5,16601,375,391,29,35,2.36,12121,91,24,0,95.34,309,6,4641,28
7/11/2014,5,19745,375,260,29,35,1.32,8060,43,16,0,10.6,468,5,8421,19
8/11/2014,5,18011,375,339,29,35,1.88,11187,50,22,0,30.01,317,7,7142,23
9/11/2014,5,17526,375,415,29,35,2.37,12450,44,24,0,12.73,352,6,4394,21
10/11/2014,5,16453,375,393,29,35,2.39,12576,43,25,0,41.34,327,4,4954,23
11/11/2014,5,19956,375,499,29,35,2.5,16966,41,33,0,54.23,307,7,4584,21
12/11/2014,5,16667,375,259,29,35,1.55,8547,89,17,0,85.83,345,6,5988,23
13-11-2014,5,16210,375,382,29,35,2.36,12988,44,25,0,4.75,581,7,8850,22
14-11-2014,5,22813,375,378,29,35,1.65,12458,72,24,1,78.03,332,3,8580,36
15-11-2014,5,17864,375,280,29,35,1.57,8120,79,16,0,52.27,417,6,6410,22
16-11-2014,5,16123,375,491,29,35,3.05,14239,93,28,0,3.02,301,6,7754,30
17-11-2014,5,19474,375,281,29,35,1.44,8149,55,16,0,46.47,473,7,4709,25
18-11-2014,5,15103,375,436,29,35,2.89,14388,65,28,0,22.75,315,3,7515,31
19-11-2014,5,17249,375,332,29,35,1.92,10292,55,20,0,68.31,586,5,5398,23
20-11-2014,5,24395,375,451,29,35,1.85,15794,66,31,1,29.61,549,3,6536,45
21-11-2014,5,21475,375,366,29,35,1.71,11354,78,22,1,84.49,570,6,4656,34
22-11-2014,5,24433,375,361,29,35,1.48,12283,54,24,1,51.63,417,3,4983,32
23-11-2014,5,19236,375,456,29,35,2.37,15960,55,31,0,38.16,460,4,4152,30
24-11-2014,5,18795,375,374,29,35,1.99,10846,48,21,0,55.95,372,4,6089,21
25-11-2014,5,19146,375,338,29,35,1.77,10140,61,20,0,28.55,444,6,5211,26
26-11-2014,5,17764,375,410,29,35,2.31,14350,45,28,0,81.75,338,3,5062,24
27-11-2014,5,16778,375,277,29,35,1.65,8033,65,16,0,67.29,499,6,6374,21
28-11-2014,5,17553,375,458,29,35,2.61,16030,68,32,0,86.01,314,3,4024,30
29-11-2014,5,16730,375,381,29,35,2.28,11430,49,22,0,24.36,415,6,8209,23
30-11-2014,5,18527,375,415,29,35,2.24,14110,46,28,0,95.57,532,5,6378,23
1/12/2014,5,20978,375,435,29,35,2.07,14355,85,28,1,66.39,396,7,4528,35
2/12/2014,5,16505,375,357,29,35,2.16,11781,70,23,0,97.62,300,7,8313,23
3/12/2014,5,15558,375,365,29,35,2.35,12410,55,24,0,61.56,330,5,4834,20
4/12/2014,5,19055,375,349,29,35,1.83,11517,72,23,0,58.14,419,5,6627,25
5/12/2014,5,19329,375,346,29,35,1.79,11072,83,22,0,80.4,476,5,8207,28
6/12/2014,5,15739,375,472,29,35,3,16048,44,32,0,37.96,411,4,8805,26
7/12/2014,5,19801,375,382,29,35,1.93,12606,87,25,0,6.6,460,7,4357,31
8/12/2014,5,19238,375,273,29,35,1.42,9555,62,19,0,1.27,300,3,7286,23
9/12/2014,5,19281,375,291,29,35,1.51,8439,46,16,0,24.67,475,3,4498,24
10/12/2014,5,17921,375,339,29,35,1.89,10848,46,21,0,5.45,445,3,8435,24
11/12/2014,5,15207,375,378,29,35,2.49,10962,81,21,0,3.84,492,6,7596,28
12/12/2014,5,16722,375,319,29,35,1.91,9570,46,19,0,86.25,339,3,6311,18
13-12-2014,5,18159,375,426,29,35,2.35,14484,42,28,0,36.15,597,7,7276,28
14-12-2014,5,24999,375,514,29,35,2.06,16440,62,32,1,35.93,305,7,7319,36
15-12-2014,5,18981,375,349,29,35,1.84,11517,55,23,0,64.83,359,7,6694,22
16-12-2014,5,16154,375,440,29,35,2.72,14960,83,29,0,14.3,481,6,7568,30
17-12-2014,5,17860,375,482,29,35,2.7,15906,72,31,0,38.14,384,5,6894,31
18-12-2014,5,15853,375,498,29,35,3.14,14442,89,28,0,73.28,305,3,8476,35
19-12-2014,5,18708,375,473,29,35,2.53,14190,87,28,0,96.67,605,7,4609,33
20-12-2014,5,23766,375,439,29,35,1.85,13163,47,26,1,69.91,431,3,8473,32
21-12-2014,5,17326,375,490,29,35,2.83,14700,50,29,0,45.43,362,7,5260,28
22-12-2014,5,16175,375,464,29,35,2.87,16240,87,32,0,88.74,463,7,8249,31
23-12-2014,5,18783,375,422,29,35,2.25,13926,45,27,0,32.22,496,3,5954,30
24-12-2014,5,21380,375,481,29,35,2.25,15400,62,30,1,92.22,611,5,8219,34
25-12-2014,5,23583,375,340,29,35,1.44,10200,93,20,1,33.44,463,5,4632,41
26-12-2014,5,18003,375,433,29,35,2.41,14289,65,28,0,44.46,388,7,5688,30
27-12-2014,5,16944,375,301,29,35,1.78,8729,64,17,0,59.97,435,3,6717,24
28-12-2014,5,15523,375,370,29,35,2.38,12580,41,25,0,61.8,350,6,7064,18
29-12-2014,5,17759,375,484,29,35,2.73,15488,85,30,0,91.69,622,4,7349,31
30-12-2014,5,21114,375,495,29,35,2.34,15345,93,30,1,12.71,623,4,5323,42
31-12-2014,5,21636,375,501,29,35,2.32,17544,61,35,1,32.26,648,5,7578,37
1/1/2015,1,15068,225,300,28,31,1.99,9000,28,22,1,73.99,301,2,3623,20
2/1/2015,1,13300,225,221,28,31,1.66,6409,30,16,0,94.06,507,5,4074,16
3/1/2015,1,13544,225,156,28,31,1.15,4524,22,11,0,65.21,287,8,2672,7
4/1/2015,1,11323,225,172,28,31,1.52,4816,29,12,0,32.64,502,4,1886,14
5/1/2015,1,13449,225,249,28,31,1.85,7719,44,19,0,64.19,516,5,3063,20
6/1/2015,1,11625,225,164,28,31,1.41,5084,43,12,0,87.88,281,2,3234,11
7/1/2015,1,12280,225,124,28,31,1.01,3472,29,8,0,65.99,297,8,4367,6
8/1/2015,1,11766,225,213,28,31,1.81,5964,35,14,0,59.67,587,6,3586,15
9/1/2015,1,12508,225,275,28,31,2.2,8250,31,20,0,77.57,528,8,1936,17
10/1/2015,1,14834,225,173,28,31,1.17,4844,26,12,0,68.48,581,6,4458,15
11/1/2015,1,10956,225,231,28,31,2.11,7161,25,17,0,28.69,222,5,4244,10
12/1/2015,1,13904,225,270,28,31,1.94,8100,30,20,0,98.68,587,7,4638,18
13-01-2015,1,12738,225,197,28,31,1.55,5516,40,13,0,35.29,390,4,1476,16
14-01-2015,1,11539,225,106,28,31,0.92,3180,40,7,0,86.73,304,6,4611,8
15-01-2015,1,13210,225,172,28,31,1.3,4988,37,12,0,29.15,586,1,2353,23
16-01-2015,1,10428,225,157,28,31,1.51,4867,30,12,0,8.38,350,8,1556,7
17-01-2015,1,12221,225,105,28,31,0.86,3150,36,7,0,16.78,289,7,4337,9
18-01-2015,1,13284,225,289,28,31,2.18,8959,36,22,0,38.53,494,2,2115,26
19-01-2015,1,13396,225,265,28,31,1.98,7950,23,19,0,0.27,475,2,2093,19
20-01-2015,1,13485,225,277,28,31,2.05,8310,22,20,0,8.35,511,6,4812,16
21-01-2015,1,10942,225,297,28,31,2.71,8316,35,20,0,67.09,428,4,1956,14
22-01-2015,1,14078,225,122,28,31,0.87,3416,22,8,0,19.85,538,2,3780,18
23-01-2015,1,11589,225,193,28,31,1.67,5597,25,13,0,45.7,484,1,4091,19
24-01-2015,1,11067,225,101,28,31,0.91,3030,28,7,0,89.24,304,3,2888,7
25-01-2015,1,13607,225,252,28,31,1.85,7308,30,18,0,32.05,625,5,2900,20
26-01-2015,1,15791,225,245,28,31,1.55,7350,23,18,1,38.79,319,5,3730,18
27-01-2015,1,10073,225,269,28,31,2.67,8070,23,20,0,72.52,544,8,2638,13
28-01-2015,1,13212,225,184,28,31,1.39,5520,22,13,0,26.49,518,5,1153,16
29-01-2015,1,14064,225,178,28,31,1.27,5518,36,13,0,65.93,476,5,2213,17
30-01-2015,1,10729,225,132,28,31,1.23,3828,23,9,0,11.57,215,3,4473,7
31-01-2015,1,12113,225,268,28,31,2.21,8040,32,20,0,55.61,222,7,4291,9
1/2/2015,1,14163,225,256,28,31,1.81,7680,23,19,0,93.52,400,5,4173,12
2/2/2015,1,12470,225,182,28,31,1.46,5096,35,12,0,80.01,320,5,2796,7
3/2/2015,1,11631,225,247,28,31,2.12,7410,25,18,0,23.61,247,3,3161,11
4/2/2015,1,10495,225,214,28,31,2.04,6206,27,15,0,19.83,578,4,1508,15
5/2/2015,1,11419,225,236,28,31,2.07,6608,38,16,0,23.36,471,1,2134,20
6/2/2015,1,12191,225,281,28,31,2.3,8149,29,20,0,65.99,347,6,4549,9
7/2/2015,1,11753,225,287,28,31,2.44,8897,25,22,0,61.25,536,4,4750,13
8/2/2015,1,14934,225,135,28,31,0.9,3780,38,9,0,12.97,541,8,1965,18
9/2/2015,1,10086,225,236,28,31,2.34,7316,32,18,0,14.86,231,8,2451,9
10/2/2015,1,11523,225,184,28,31,1.6,5520,36,13,0,48.09,479,2,4260,22
11/2/2015,1,11186,225,207,28,31,1.85,6417,22,16,0,77.76,284,3,4674,7
12/2/2015,1,10840,225,175,28,31,1.61,5075,22,12,0,95.57,229,2,2922,5
13-02-2015,1,13769,225,159,28,31,1.15,4929,41,12,0,79.14,661,8,3941,18
14-02-2015,1,14925,225,170,28,31,1.14,5100,26,12,1,84.01,455,2,1098,20
15-02-2015,1,11680,225,240,28,31,2.05,7440,22,18,0,8.11,595,4,1057,13
16-02-2015,1,10691,225,169,28,31,1.58,5239,42,13,0,40.68,485,6,1821,17
17-02-2015,1,14779,225,174,28,31,1.18,5046,31,12,0,45.95,224,6,4129,15
18-02-2015,1,10152,225,292,28,31,2.88,8176,36,20,0,75.81,311,3,4192,12
19-02-2015,1,10569,225,215,28,31,2.03,6235,22,15,0,16.6,315,3,4745,10
20-02-2015,1,12496,225,227,28,31,1.82,6583,38,16,0,9.85,494,7,2365,16
21-02-2015,1,13610,225,130,28,31,0.96,3640,29,9,0,75.93,558,2,1871,18
22-02-2015,1,10254,225,219,28,31,2.14,6351,30,15,0,74.42,703,7,2469,15
23-02-2015,1,12890,225,319,28,31,2.47,8925,31,22,1,64.81,551,1,1254,27
24-02-2015,1,10565,225,272,28,31,2.57,7888,27,19,0,6.69,428,5,3473,13
25-02-2015,1,13074,225,295,28,31,2.26,8260,31,20,0,57.57,496,4,2177,17
26-02-2015,1,13984,225,189,28,31,1.35,5292,42,13,0,77.09,491,4,3924,16
27-02-2015,1,10625,225,243,28,31,2.29,7290,29,18,0,38.68,266,8,3623,12
28-02-2015,1,13183,225,203,28,31,1.54,5887,45,14,0,13.91,535,3,1414,24
1/3/2015,2,14180,170,114,26,31,0.8,3420,17,6,0,36.28,151,5,1777,11
2/3/2015,2,13752,170,236,26,31,1.72,6608,23,13,0,31.67,196,4,1531,13
3/3/2015,2,13761,170,242,26,31,1.76,7260,28,14,0,51.85,234,1,3544,17
4/3/2015,2,14863,170,158,26,31,1.06,4424,19,8,0,22.42,235,1,2600,14
5/3/2015,2,13467,170,111,26,31,0.82,3108,30,6,0,42.02,228,5,3041,12
6/3/2015,2,14915,170,217,26,31,1.45,5642,26,11,0,72.3,232,2,4409,16
7/3/2015,2,12090,170,117,26,31,0.97,3627,18,7,0,40.37,177,5,1920,8
8/3/2015,2,14724,170,102,26,31,0.69,3162,22,6,0,51.86,198,2,2765,10
9/3/2015,2,14726,170,156,26,31,1.06,4056,25,8,0,49.9,237,4,3198,16
10/3/2015,2,14607,170,168,26,31,1.15,4704,20,9,0,25.78,242,2,3832,16
11/3/2015,2,12202,170,113,26,31,0.93,3051,21,6,0,38.53,206,3,1917,10
12/3/2015,2,12657,170,118,26,31,0.93,3540,29,7,0,46.96,176,4,3234,11
13-03-2015,2,14520,170,160,26,31,1.1,4480,26,8,0,24.96,179,4,4403,11
14-03-2015,2,14767,170,178,26,31,1.21,5162,17,10,0,80.06,368,1,4322,16
15-03-2015,2,16524,170,240,26,31,1.45,6240,17,12,1,84.34,233,1,2410,15
16-03-2015,2,14486,170,196,26,31,1.35,5488,29,10,0,10.76,151,2,3330,16
17-03-2015,2,12652,170,103,26,31,0.81,3090,20,6,0,17.52,185,4,2060,6
18-03-2015,2,13269,170,173,26,31,1.3,5190,20,10,0,41.67,167,2,3155,12
19-03-2015,2,13473,170,202,26,31,1.5,5858,19,11,0,77.32,213,1,1394,10
20-03-2015,2,13833,170,123,26,31,0.89,3690,22,7,0,4.48,198,4,1461,7
21-03-2015,2,12905,170,115,26,31,0.89,3220,25,6,0,95.47,179,1,2558,6
22-03-2015,2,12239,170,156,26,31,1.27,4524,29,9,0,46.45,219,5,2415,13
23-03-2015,2,13886,170,120,26,31,0.86,3720,18,7,0,60.84,171,3,4493,7
24-03-2015,2,13768,170,151,26,31,1.1,4077,21,8,0,60.48,176,3,2645,7
25-03-2015,2,12030,170,163,26,31,1.35,4890,23,9,0,38.31,209,3,2951,11
26-03-2015,2,13926,170,228,26,31,1.64,6384,20,12,0,19.44,163,5,1850,11
27-03-2015,2,13716,170,100,26,31,0.73,2800,26,5,0,99.72,175,5,2528,8
28-03-2015,2,14541,170,232,26,31,1.6,6264,18,12,0,0.3,249,5,3456,12
29-03-2015,2,12541,170,147,26,31,1.17,3969,28,7,0,56.92,172,3,1282,6
30-03-2015,2,14326,170,194,26,31,1.35,5626,23,11,0,15.97,378,5,1374,17
 ,2,17210,170,208,26,31,1.21,5603,20,11,1,48.41,401,3,2030,23
